	filter	window	alpha	lag	alphaLP	alphaHP	no mismatchess	Key Lenght	Key Sattus	Key bit Mismatches	Key bit Matches	key bit mismatches %	Seq bit Mismatches	Seq bit Matches	Seq bit mismatches %
0	nearest neighbour	2	    -    	    -    	    -    	    -    	3	207	False	3	204	0.0145	5828	34172	0.1457
1	nearest neighbour	3	    -    	    -    	    -    	    -    	4	193	False	4	189	0.0207	7232	32768	0.1808
2	nearest neighbour	4	    -    	    -    	    -    	    -    	2	196	False	2	194	0.0102	7021	32979	0.1755
3	nearest neighbour	5	    -    	    -    	    -    	    -    	6	201	False	6	195	0.0299	7027	32973	0.1757
4	nearest neighbour	6	    -    	    -    	    -    	    -    	9	197	False	9	188	0.0457	6890	33110	0.1722
5	nearest neighbour	7	    -    	    -    	    -    	    -    	4	184	False	4	180	0.0217	6794	33206	0.1699
6	nearest neighbour	8	    -    	    -    	    -    	    -    	7	200	False	7	193	0.035	6567	33433	0.1642
7	nearest neighbour	9	    -    	    -    	    -    	    -    	6	202	False	6	196	0.0297	6323	33677	0.1581
8	nearest neighbour	10	    -    	    -    	    -    	    -    	6	205	False	6	199	0.0293	6165	33835	0.1541
9	nearest neighbour	20	    -    	    -    	    -    	    -    	4	216	False	4	212	0.0185	5338	34662	0.1335
10	nearest neighbour	30	    -    	    -    	    -    	    -    	4	220	False	4	216	0.0182	4827	35173	0.1207
11	nearest neighbour	40	    -    	    -    	    -    	    -    	2	229	False	2	227	0.0087	4548	35452	0.1137
12	nearest neighbour	50	    -    	    -    	    -    	    -    	1	232	False	1	231	0.0043	4367	35633	0.1092
13	nearest neighbour	60	    -    	    -    	    -    	    -    	1	240	False	1	239	0.0042	4229	35771	0.1057
14	nearest neighbour	70	    -    	    -    	    -    	    -    	1	238	False	1	237	0.0042	3896	36104	0.0974
15	nearest neighbour	80	    -    	    -    	    -    	    -    	2	238	False	2	236	0.0084	3783	36217	0.0946
16	nearest neighbour	90	    -    	    -    	    -    	    -    	2	231	False	2	229	0.0087	3801	36199	0.095
17	nearest neighbour	100	    -    	    -    	    -    	    -    	1	237	False	1	236	0.0042	3672	36328	0.0918
18	nearest neighbour	200	    -    	    -    	    -    	    -    	1	237	False	1	236	0.0042	3449	36551	0.0862
19	nearest neighbour	300	    -    	    -    	    -    	    -    	1	232	False	1	231	0.0043	3177	36823	0.0794
20	nearest neighbour	400	    -    	    -    	    -    	    -    	2	239	False	2	237	0.0084	3197	36803	0.0799
21	nearest neighbour	500	    -    	    -    	    -    	    -    	2	236	False	2	234	0.0085	3140	36860	0.0785
22	nearest neighbour	600	    -    	    -    	    -    	    -    	2	240	False	2	238	0.0083	3137	36863	0.0784
23	nearest neighbour	700	    -    	    -    	    -    	    -    	4	238	False	4	234	0.0168	3260	36740	0.0815
24	nearest neighbour	800	    -    	    -    	    -    	    -    	3	239	False	3	236	0.0126	3102	36898	0.0775
25	nearest neighbour	900	    -    	    -    	    -    	    -    	2	237	False	2	235	0.0084	3117	36883	0.0779
26	nearest neighbour	1000	    -    	    -    	    -    	    -    	4	247	False	4	243	0.0162	3054	36946	0.0764
27	nearest neighbour	2000	    -    	    -    	    -    	    -    	1	281	False	1	280	0.0036	2485	37515	0.0621
28	nearest neighbour	3000	    -    	    -    	    -    	    -    	1	280	False	1	279	0.0036	1977	38023	0.0494
29	nearest neighbour	4000	    -    	    -    	    -    	    -    	1	280	False	1	279	0.0036	2169	37831	0.0542
30	nearest neighbour	5000	    -    	    -    	    -    	    -    	2	281	False	2	279	0.0071	1764	38236	0.0441
31	lowpass lagged	    -    	0.0	1	    -    	    -    	0	278	True	0	278	0.0	591	39407	0.0148
32	lowpass lagged	    -    	0.0	2	    -    	    -    	2	230	False	2	228	0.0087	1313	38683	0.0328
33	lowpass lagged	    -    	0.0	3	    -    	    -    	2	231	False	2	229	0.0087	2007	37987	0.0502
34	lowpass lagged	    -    	0.0	4	    -    	    -    	0	241	True	0	241	0.0	2543	37449	0.0636
35	lowpass lagged	    -    	0.0	5	    -    	    -    	20	177	False	20	157	0.113	5982	34008	0.1496
36	lowpass lagged	    -    	0.0	6	    -    	    -    	11	203	False	11	192	0.0542	2806	37182	0.0702
37	lowpass lagged	    -    	0.0	7	    -    	    -    	0	254	True	0	254	0.0	6706	33280	0.1677
38	lowpass lagged	    -    	0.0	8	    -    	    -    	10	183	False	10	173	0.0546	4274	35710	0.1069
39	lowpass lagged	    -    	0.0	9	    -    	    -    	1	255	False	1	254	0.0039	1046	38936	0.0262
40	lowpass lagged	    -    	0.0	10	    -    	    -    	0	282	True	0	282	0.0	1946	38034	0.0487
41	lowpass lagged	    -    	0.0	15	    -    	    -    	0	276	True	0	276	0.0	1997	37973	0.05
42	lowpass lagged	    -    	0.0	20	    -    	    -    	0	267	True	0	267	0.0	656	39304	0.0164
43	lowpass lagged	    -    	0.0	25	    -    	    -    	1	256	False	1	255	0.0039	6052	33898	0.1515
44	lowpass lagged	    -    	0.0	30	    -    	    -    	0	296	True	0	296	0.0	252	39688	0.0063
45	lowpass lagged	    -    	0.0	40	    -    	    -    	10	182	False	10	172	0.0549	3918	36002	0.0981
46	lowpass lagged	    -    	0.0	50	    -    	    -    	1	248	False	1	247	0.004	5805	34095	0.1455
47	lowpass lagged	    -    	0.0	60	    -    	    -    	1	249	False	1	248	0.004	2310	37570	0.0579
48	lowpass lagged	    -    	0.0	70	    -    	    -    	0	292	True	0	292	0.0	370	39490	0.0093
49	lowpass lagged	    -    	0.0	80	    -    	    -    	0	261	True	0	261	0.0	1004	38836	0.0252
50	lowpass lagged	    -    	0.0	90	    -    	    -    	0	277	True	0	277	0.0	622	39198	0.0156
51	lowpass lagged	    -    	0.0	100	    -    	    -    	3	195	False	3	192	0.0154	3346	36454	0.0841
52	lowpass lagged	    -    	0.0	200	    -    	    -    	0	270	True	0	270	0.0	1638	37962	0.0414
53	lowpass lagged	    -    	0.0	300	    -    	    -    	1	281	False	1	280	0.0036	670	38730	0.017
54	lowpass lagged	    -    	0.1	1	    -    	    -    	3	214	False	3	211	0.014	5699	34299	0.1425
55	lowpass lagged	    -    	0.1	2	    -    	    -    	1	207	False	1	206	0.0048	5322	34674	0.1331
56	lowpass lagged	    -    	0.1	3	    -    	    -    	1	201	False	1	200	0.005	5214	34780	0.1304
57	lowpass lagged	    -    	0.1	4	    -    	    -    	3	208	False	3	205	0.0144	5193	34799	0.1299
58	lowpass lagged	    -    	0.1	5	    -    	    -    	2	207	False	2	205	0.0097	5130	34860	0.1283
59	lowpass lagged	    -    	0.1	6	    -    	    -    	1	221	False	1	220	0.0045	4920	35068	0.123
60	lowpass lagged	    -    	0.1	7	    -    	    -    	6	198	False	6	192	0.0303	4969	35017	0.1243
61	lowpass lagged	    -    	0.1	8	    -    	    -    	5	209	False	5	204	0.0239	4917	35067	0.123
62	lowpass lagged	    -    	0.1	9	    -    	    -    	4	205	False	4	201	0.0195	4828	35154	0.1208
63	lowpass lagged	    -    	0.1	10	    -    	    -    	2	220	False	2	218	0.0091	4751	35229	0.1188
64	lowpass lagged	    -    	0.1	15	    -    	    -    	1	220	False	1	219	0.0045	4405	35565	0.1102
65	lowpass lagged	    -    	0.1	20	    -    	    -    	2	225	False	2	223	0.0089	4586	35374	0.1148
66	lowpass lagged	    -    	0.1	25	    -    	    -    	3	203	False	3	200	0.0148	4561	35389	0.1142
67	lowpass lagged	    -    	0.1	30	    -    	    -    	4	220	False	4	216	0.0182	4533	35407	0.1135
68	lowpass lagged	    -    	0.1	40	    -    	    -    	1	208	False	1	207	0.0048	4461	35459	0.1117
69	lowpass lagged	    -    	0.1	50	    -    	    -    	1	215	False	1	214	0.0047	4453	35447	0.1116
70	lowpass lagged	    -    	0.1	60	    -    	    -    	4	216	False	4	212	0.0185	4600	35280	0.1153
71	lowpass lagged	    -    	0.1	70	    -    	    -    	4	219	False	4	215	0.0183	4580	35280	0.1149
72	lowpass lagged	    -    	0.1	80	    -    	    -    	1	221	False	1	220	0.0045	4547	35293	0.1141
73	lowpass lagged	    -    	0.1	90	    -    	    -    	2	219	False	2	217	0.0091	4361	35459	0.1095
74	lowpass lagged	    -    	0.1	100	    -    	    -    	0	216	True	0	216	0.0	4273	35527	0.1074
75	lowpass lagged	    -    	0.1	200	    -    	    -    	0	231	True	0	231	0.0	4400	35200	0.1111
76	lowpass lagged	    -    	0.1	300	    -    	    -    	0	209	True	0	209	0.0	4340	35060	0.1102
77	lowpass lagged	    -    	0.2	1	    -    	    -    	4	200	False	4	196	0.02	5904	34094	0.1476
78	lowpass lagged	    -    	0.2	2	    -    	    -    	1	195	False	1	194	0.0051	5695	34301	0.1424
79	lowpass lagged	    -    	0.2	3	    -    	    -    	0	198	True	0	198	0.0	5646	34348	0.1412
80	lowpass lagged	    -    	0.2	4	    -    	    -    	5	198	False	5	193	0.0253	5648	34344	0.1412
81	lowpass lagged	    -    	0.2	5	    -    	    -    	5	203	False	5	198	0.0246	5615	34375	0.1404
82	lowpass lagged	    -    	0.2	6	    -    	    -    	2	205	False	2	203	0.0098	5427	34561	0.1357
83	lowpass lagged	    -    	0.2	7	    -    	    -    	4	201	False	4	197	0.0199	5447	34539	0.1362
84	lowpass lagged	    -    	0.2	8	    -    	    -    	5	202	False	5	197	0.0248	5281	34703	0.1321
85	lowpass lagged	    -    	0.2	9	    -    	    -    	3	206	False	3	203	0.0146	5213	34769	0.1304
86	lowpass lagged	    -    	0.2	10	    -    	    -    	6	207	False	6	201	0.029	5293	34687	0.1324
87	lowpass lagged	    -    	0.2	15	    -    	    -    	1	209	False	1	208	0.0048	5229	34741	0.1308
88	lowpass lagged	    -    	0.2	20	    -    	    -    	4	192	False	4	188	0.0208	5219	34741	0.1306
89	lowpass lagged	    -    	0.2	25	    -    	    -    	3	192	False	3	189	0.0156	5073	34877	0.127
90	lowpass lagged	    -    	0.2	30	    -    	    -    	5	205	False	5	200	0.0244	5316	34624	0.1331
91	lowpass lagged	    -    	0.2	40	    -    	    -    	4	190	False	4	186	0.0211	5345	34575	0.1339
92	lowpass lagged	    -    	0.2	50	    -    	    -    	0	200	True	0	200	0.0	5273	34627	0.1322
93	lowpass lagged	    -    	0.2	60	    -    	    -    	3	212	False	3	209	0.0142	5007	34873	0.1256
94	lowpass lagged	    -    	0.2	70	    -    	    -    	3	201	False	3	198	0.0149	5205	34655	0.1306
95	lowpass lagged	    -    	0.2	80	    -    	    -    	0	197	True	0	197	0.0	5090	34750	0.1278
96	lowpass lagged	    -    	0.2	90	    -    	    -    	4	214	False	4	210	0.0187	4986	34834	0.1252
97	lowpass lagged	    -    	0.2	100	    -    	    -    	1	209	False	1	208	0.0048	5033	34767	0.1265
98	lowpass lagged	    -    	0.2	200	    -    	    -    	0	215	True	0	215	0.0	5057	34543	0.1277
99	lowpass lagged	    -    	0.2	300	    -    	    -    	0	219	True	0	219	0.0	4990	34410	0.1266
100	lowpass lagged	    -    	0.30000000000000004	1	    -    	    -    	4	208	False	4	204	0.0192	6088	33910	0.1522
101	lowpass lagged	    -    	0.30000000000000004	2	    -    	    -    	2	191	False	2	189	0.0105	6266	33730	0.1567
102	lowpass lagged	    -    	0.30000000000000004	3	    -    	    -    	5	200	False	5	195	0.025	6179	33815	0.1545
103	lowpass lagged	    -    	0.30000000000000004	4	    -    	    -    	5	196	False	5	191	0.0255	6085	33907	0.1522
104	lowpass lagged	    -    	0.30000000000000004	5	    -    	    -    	6	201	False	6	195	0.0299	5987	34003	0.1497
105	lowpass lagged	    -    	0.30000000000000004	6	    -    	    -    	2	201	False	2	199	0.01	5843	34145	0.1461
106	lowpass lagged	    -    	0.30000000000000004	7	    -    	    -    	5	195	False	5	190	0.0256	5930	34056	0.1483
107	lowpass lagged	    -    	0.30000000000000004	8	    -    	    -    	8	191	False	8	183	0.0419	5808	34176	0.1453
108	lowpass lagged	    -    	0.30000000000000004	9	    -    	    -    	6	195	False	6	189	0.0308	5784	34198	0.1447
109	lowpass lagged	    -    	0.30000000000000004	10	    -    	    -    	9	195	False	9	186	0.0462	5905	34075	0.1477
110	lowpass lagged	    -    	0.30000000000000004	15	    -    	    -    	2	193	False	2	191	0.0104	5823	34147	0.1457
111	lowpass lagged	    -    	0.30000000000000004	20	    -    	    -    	3	187	False	3	184	0.016	5764	34196	0.1442
112	lowpass lagged	    -    	0.30000000000000004	25	    -    	    -    	3	191	False	3	188	0.0157	5664	34286	0.1418
113	lowpass lagged	    -    	0.30000000000000004	30	    -    	    -    	4	201	False	4	197	0.0199	5701	34239	0.1427
114	lowpass lagged	    -    	0.30000000000000004	40	    -    	    -    	4	185	False	4	181	0.0216	5834	34086	0.1461
115	lowpass lagged	    -    	0.30000000000000004	50	    -    	    -    	4	191	False	4	187	0.0209	5679	34221	0.1423
116	lowpass lagged	    -    	0.30000000000000004	60	    -    	    -    	2	195	False	2	193	0.0103	5575	34305	0.1398
117	lowpass lagged	    -    	0.30000000000000004	70	    -    	    -    	3	198	False	3	195	0.0152	5587	34273	0.1402
118	lowpass lagged	    -    	0.30000000000000004	80	    -    	    -    	1	205	False	1	204	0.0049	5657	34183	0.142
119	lowpass lagged	    -    	0.30000000000000004	90	    -    	    -    	6	212	False	6	206	0.0283	5663	34157	0.1422
120	lowpass lagged	    -    	0.30000000000000004	100	    -    	    -    	1	202	False	1	201	0.005	5580	34220	0.1402
121	lowpass lagged	    -    	0.30000000000000004	200	    -    	    -    	2	208	False	2	206	0.0096	5531	34069	0.1397
122	lowpass lagged	    -    	0.30000000000000004	300	    -    	    -    	0	218	True	0	218	0.0	5443	33957	0.1381
123	lowpass lagged	    -    	0.4	1	    -    	    -    	4	206	False	4	202	0.0194	6248	33750	0.1562
124	lowpass lagged	    -    	0.4	2	    -    	    -    	2	192	False	2	190	0.0104	6535	33461	0.1634
125	lowpass lagged	    -    	0.4	3	    -    	    -    	4	188	False	4	184	0.0213	6481	33513	0.162
126	lowpass lagged	    -    	0.4	4	    -    	    -    	5	191	False	5	186	0.0262	6294	33698	0.1574
127	lowpass lagged	    -    	0.4	5	    -    	    -    	5	200	False	5	195	0.025	6313	33677	0.1579
128	lowpass lagged	    -    	0.4	6	    -    	    -    	2	207	False	2	205	0.0097	6217	33771	0.1555
129	lowpass lagged	    -    	0.4	7	    -    	    -    	4	194	False	4	190	0.0206	6379	33607	0.1595
130	lowpass lagged	    -    	0.4	8	    -    	    -    	8	195	False	8	187	0.041	6231	33753	0.1558
131	lowpass lagged	    -    	0.4	9	    -    	    -    	5	195	False	5	190	0.0256	6169	33813	0.1543
132	lowpass lagged	    -    	0.4	10	    -    	    -    	9	187	False	9	178	0.0481	6233	33747	0.1559
133	lowpass lagged	    -    	0.4	15	    -    	    -    	1	192	False	1	191	0.0052	6201	33769	0.1551
134	lowpass lagged	    -    	0.4	20	    -    	    -    	4	184	False	4	180	0.0217	6181	33779	0.1547
135	lowpass lagged	    -    	0.4	25	    -    	    -    	4	200	False	4	196	0.02	6051	33899	0.1515
136	lowpass lagged	    -    	0.4	30	    -    	    -    	4	190	False	4	186	0.0211	6027	33913	0.1509
137	lowpass lagged	    -    	0.4	40	    -    	    -    	5	182	False	5	177	0.0275	6175	33745	0.1547
138	lowpass lagged	    -    	0.4	50	    -    	    -    	4	189	False	4	185	0.0212	6173	33727	0.1547
139	lowpass lagged	    -    	0.4	60	    -    	    -    	3	201	False	3	198	0.0149	6027	33853	0.1511
140	lowpass lagged	    -    	0.4	70	    -    	    -    	2	193	False	2	191	0.0104	6024	33836	0.1511
141	lowpass lagged	    -    	0.4	80	    -    	    -    	1	205	False	1	204	0.0049	6031	33809	0.1514
142	lowpass lagged	    -    	0.4	90	    -    	    -    	4	205	False	4	201	0.0195	6152	33668	0.1545
143	lowpass lagged	    -    	0.4	100	    -    	    -    	1	188	False	1	187	0.0053	6016	33784	0.1512
144	lowpass lagged	    -    	0.4	200	    -    	    -    	0	216	True	0	216	0.0	6038	33562	0.1525
145	lowpass lagged	    -    	0.4	300	    -    	    -    	0	220	True	0	220	0.0	5743	33657	0.1458
146	lowpass lagged	    -    	0.5	1	    -    	    -    	1	215	False	1	214	0.0047	4829	35169	0.1207
147	lowpass lagged	    -    	0.5	2	    -    	    -    	4	187	False	4	183	0.0214	6869	33127	0.1717
148	lowpass lagged	    -    	0.5	3	    -    	    -    	3	184	False	3	181	0.0163	6646	33348	0.1662
149	lowpass lagged	    -    	0.5	4	    -    	    -    	7	189	False	7	182	0.037	6637	33355	0.166
150	lowpass lagged	    -    	0.5	5	    -    	    -    	5	198	False	5	193	0.0253	6690	33300	0.1673
151	lowpass lagged	    -    	0.5	6	    -    	    -    	3	196	False	3	193	0.0153	6759	33229	0.169
152	lowpass lagged	    -    	0.5	7	    -    	    -    	4	189	False	4	185	0.0212	6670	33316	0.1668
153	lowpass lagged	    -    	0.5	8	    -    	    -    	9	195	False	9	186	0.0462	6593	33391	0.1649
154	lowpass lagged	    -    	0.5	9	    -    	    -    	4	189	False	4	185	0.0212	6606	33376	0.1652
155	lowpass lagged	    -    	0.5	10	    -    	    -    	5	179	False	5	174	0.0279	6747	33233	0.1688
156	lowpass lagged	    -    	0.5	15	    -    	    -    	1	198	False	1	197	0.0051	6519	33451	0.1631
157	lowpass lagged	    -    	0.5	20	    -    	    -    	3	186	False	3	183	0.0161	6604	33356	0.1653
158	lowpass lagged	    -    	0.5	25	    -    	    -    	5	188	False	5	183	0.0266	6473	33477	0.162
159	lowpass lagged	    -    	0.5	30	    -    	    -    	6	185	False	6	179	0.0324	6446	33494	0.1614
160	lowpass lagged	    -    	0.5	40	    -    	    -    	5	183	False	5	178	0.0273	6579	33341	0.1648
161	lowpass lagged	    -    	0.5	50	    -    	    -    	2	195	False	2	193	0.0103	6596	33304	0.1653
162	lowpass lagged	    -    	0.5	60	    -    	    -    	2	190	False	2	188	0.0105	6377	33503	0.1599
163	lowpass lagged	    -    	0.5	70	    -    	    -    	4	192	False	4	188	0.0208	6407	33453	0.1607
164	lowpass lagged	    -    	0.5	80	    -    	    -    	2	201	False	2	199	0.01	6396	33444	0.1605
165	lowpass lagged	    -    	0.5	90	    -    	    -    	4	198	False	4	194	0.0202	6529	33291	0.164
166	lowpass lagged	    -    	0.5	100	    -    	    -    	1	193	False	1	192	0.0052	6455	33345	0.1622
167	lowpass lagged	    -    	0.5	200	    -    	    -    	1	211	False	1	210	0.0047	6427	33173	0.1623
168	lowpass lagged	    -    	0.5	300	    -    	    -    	1	222	False	1	221	0.0045	6269	33131	0.1591
169	lowpass lagged	    -    	0.6000000000000001	1	    -    	    -    	1	199	False	1	198	0.005	6958	33040	0.174
170	lowpass lagged	    -    	0.6000000000000001	2	    -    	    -    	3	186	False	3	183	0.0161	7133	32863	0.1783
171	lowpass lagged	    -    	0.6000000000000001	3	    -    	    -    	3	190	False	3	187	0.0158	7028	32966	0.1757
172	lowpass lagged	    -    	0.6000000000000001	4	    -    	    -    	6	194	False	6	188	0.0309	6973	33019	0.1744
173	lowpass lagged	    -    	0.6000000000000001	5	    -    	    -    	5	192	False	5	187	0.026	7182	32808	0.1796
174	lowpass lagged	    -    	0.6000000000000001	6	    -    	    -    	4	188	False	4	184	0.0213	7199	32789	0.18
175	lowpass lagged	    -    	0.6000000000000001	7	    -    	    -    	6	187	False	6	181	0.0321	7108	32878	0.1778
176	lowpass lagged	    -    	0.6000000000000001	8	    -    	    -    	10	196	False	10	186	0.051	7041	32943	0.1761
177	lowpass lagged	    -    	0.6000000000000001	9	    -    	    -    	4	181	False	4	177	0.0221	7024	32958	0.1757
178	lowpass lagged	    -    	0.6000000000000001	10	    -    	    -    	4	182	False	4	178	0.022	7119	32861	0.1781
179	lowpass lagged	    -    	0.6000000000000001	15	    -    	    -    	4	189	False	4	185	0.0212	6999	32971	0.1751
180	lowpass lagged	    -    	0.6000000000000001	20	    -    	    -    	1	179	False	1	178	0.0056	7020	32940	0.1757
181	lowpass lagged	    -    	0.6000000000000001	25	    -    	    -    	6	186	False	6	180	0.0323	7080	32870	0.1772
182	lowpass lagged	    -    	0.6000000000000001	30	    -    	    -    	6	182	False	6	176	0.033	6886	33054	0.1724
183	lowpass lagged	    -    	0.6000000000000001	40	    -    	    -    	6	186	False	6	180	0.0323	7061	32859	0.1769
184	lowpass lagged	    -    	0.6000000000000001	50	    -    	    -    	1	191	False	1	190	0.0052	6931	32969	0.1737
185	lowpass lagged	    -    	0.6000000000000001	60	    -    	    -    	3	196	False	3	193	0.0153	6816	33064	0.1709
186	lowpass lagged	    -    	0.6000000000000001	70	    -    	    -    	2	189	False	2	187	0.0106	6935	32925	0.174
187	lowpass lagged	    -    	0.6000000000000001	80	    -    	    -    	5	190	False	5	185	0.0263	6848	32992	0.1719
188	lowpass lagged	    -    	0.6000000000000001	90	    -    	    -    	5	192	False	5	187	0.026	6982	32838	0.1753
189	lowpass lagged	    -    	0.6000000000000001	100	    -    	    -    	1	186	False	1	185	0.0054	6882	32918	0.1729
190	lowpass lagged	    -    	0.6000000000000001	200	    -    	    -    	1	203	False	1	202	0.0049	6876	32724	0.1736
191	lowpass lagged	    -    	0.6000000000000001	300	    -    	    -    	1	208	False	1	207	0.0048	6568	32832	0.1667
192	lowpass lagged	    -    	0.7000000000000001	1	    -    	    -    	2	196	False	2	194	0.0102	7439	32559	0.186
193	lowpass lagged	    -    	0.7000000000000001	2	    -    	    -    	4	188	False	4	184	0.0213	7517	32479	0.1879
194	lowpass lagged	    -    	0.7000000000000001	3	    -    	    -    	5	198	False	5	193	0.0253	7564	32430	0.1891
195	lowpass lagged	    -    	0.7000000000000001	4	    -    	    -    	6	179	False	6	173	0.0335	7555	32437	0.1889
196	lowpass lagged	    -    	0.7000000000000001	5	    -    	    -    	5	193	False	5	188	0.0259	7646	32344	0.1912
197	lowpass lagged	    -    	0.7000000000000001	6	    -    	    -    	6	181	False	6	175	0.0331	7698	32290	0.1925
198	lowpass lagged	    -    	0.7000000000000001	7	    -    	    -    	5	176	False	5	171	0.0284	7677	32309	0.192
199	lowpass lagged	    -    	0.7000000000000001	8	    -    	    -    	12	194	False	12	182	0.0619	7608	32376	0.1903
200	lowpass lagged	    -    	0.7000000000000001	9	    -    	    -    	7	180	False	7	173	0.0389	7536	32446	0.1885
201	lowpass lagged	    -    	0.7000000000000001	10	    -    	    -    	5	182	False	5	177	0.0275	7685	32295	0.1922
202	lowpass lagged	    -    	0.7000000000000001	15	    -    	    -    	3	188	False	3	185	0.016	7585	32385	0.1898
203	lowpass lagged	    -    	0.7000000000000001	20	    -    	    -    	2	180	False	2	178	0.0111	7586	32374	0.1898
204	lowpass lagged	    -    	0.7000000000000001	25	    -    	    -    	7	185	False	7	178	0.0378	7742	32208	0.1938
205	lowpass lagged	    -    	0.7000000000000001	30	    -    	    -    	4	186	False	4	182	0.0215	7606	32334	0.1904
206	lowpass lagged	    -    	0.7000000000000001	40	    -    	    -    	5	192	False	5	187	0.026	7590	32330	0.1901
207	lowpass lagged	    -    	0.7000000000000001	50	    -    	    -    	1	186	False	1	185	0.0054	7477	32423	0.1874
208	lowpass lagged	    -    	0.7000000000000001	60	    -    	    -    	3	195	False	3	192	0.0154	7398	32482	0.1855
209	lowpass lagged	    -    	0.7000000000000001	70	    -    	    -    	2	181	False	2	179	0.011	7452	32408	0.187
210	lowpass lagged	    -    	0.7000000000000001	80	    -    	    -    	4	194	False	4	190	0.0206	7368	32472	0.1849
211	lowpass lagged	    -    	0.7000000000000001	90	    -    	    -    	5	193	False	5	188	0.0259	7624	32196	0.1915
212	lowpass lagged	    -    	0.7000000000000001	100	    -    	    -    	3	175	False	3	172	0.0171	7453	32347	0.1873
213	lowpass lagged	    -    	0.7000000000000001	200	    -    	    -    	2	204	False	2	202	0.0098	7477	32123	0.1888
214	lowpass lagged	    -    	0.7000000000000001	300	    -    	    -    	3	203	False	3	200	0.0148	7208	32192	0.1829
215	lowpass lagged	    -    	0.8	1	    -    	    -    	7	196	False	7	189	0.0357	8126	31872	0.2032
216	lowpass lagged	    -    	0.8	2	    -    	    -    	2	182	False	2	180	0.011	8365	31631	0.2091
217	lowpass lagged	    -    	0.8	3	    -    	    -    	6	191	False	6	185	0.0314	8364	31630	0.2091
218	lowpass lagged	    -    	0.8	4	    -    	    -    	8	190	False	8	182	0.0421	8476	31516	0.2119
219	lowpass lagged	    -    	0.8	5	    -    	    -    	6	180	False	6	174	0.0333	8529	31461	0.2133
220	lowpass lagged	    -    	0.8	6	    -    	    -    	6	174	False	6	168	0.0345	8560	31428	0.2141
221	lowpass lagged	    -    	0.8	7	    -    	    -    	9	179	False	9	170	0.0503	8511	31475	0.2128
222	lowpass lagged	    -    	0.8	8	    -    	    -    	9	188	False	9	179	0.0479	8557	31427	0.214
223	lowpass lagged	    -    	0.8	9	    -    	    -    	9	176	False	9	167	0.0511	8409	31573	0.2103
224	lowpass lagged	    -    	0.8	10	    -    	    -    	7	187	False	7	180	0.0374	8594	31386	0.215
225	lowpass lagged	    -    	0.8	15	    -    	    -    	5	166	False	5	161	0.0301	8690	31280	0.2174
226	lowpass lagged	    -    	0.8	20	    -    	    -    	2	179	False	2	177	0.0112	8566	31394	0.2144
227	lowpass lagged	    -    	0.8	25	    -    	    -    	6	175	False	6	169	0.0343	8537	31413	0.2137
228	lowpass lagged	    -    	0.8	30	    -    	    -    	5	176	False	5	171	0.0284	8566	31374	0.2145
229	lowpass lagged	    -    	0.8	40	    -    	    -    	6	182	False	6	176	0.033	8452	31468	0.2117
230	lowpass lagged	    -    	0.8	50	    -    	    -    	2	190	False	2	188	0.0105	8388	31512	0.2102
231	lowpass lagged	    -    	0.8	60	    -    	    -    	2	193	False	2	191	0.0104	8238	31642	0.2066
232	lowpass lagged	    -    	0.8	70	    -    	    -    	3	184	False	3	181	0.0163	8420	31440	0.2112
233	lowpass lagged	    -    	0.8	80	    -    	    -    	8	183	False	8	175	0.0437	8307	31533	0.2085
234	lowpass lagged	    -    	0.8	90	    -    	    -    	7	186	False	7	179	0.0376	8496	31324	0.2134
235	lowpass lagged	    -    	0.8	100	    -    	    -    	5	180	False	5	175	0.0278	8377	31423	0.2105
236	lowpass lagged	    -    	0.8	200	    -    	    -    	3	208	False	3	205	0.0144	8354	31246	0.211
237	lowpass lagged	    -    	0.8	300	    -    	    -    	4	199	False	4	195	0.0201	8125	31275	0.2062
238	lowpass lagged	    -    	0.9	1	    -    	    -    	12	208	False	12	196	0.0577	8540	31458	0.2135
239	lowpass lagged	    -    	0.9	2	    -    	    -    	5	182	False	5	177	0.0275	9016	30980	0.2254
240	lowpass lagged	    -    	0.9	3	    -    	    -    	10	199	False	10	189	0.0503	8962	31032	0.2241
241	lowpass lagged	    -    	0.9	4	    -    	    -    	9	201	False	9	192	0.0448	9137	30855	0.2285
242	lowpass lagged	    -    	0.9	5	    -    	    -    	8	185	False	8	177	0.0432	9128	30862	0.2283
243	lowpass lagged	    -    	0.9	6	    -    	    -    	11	188	False	11	177	0.0585	9193	30795	0.2299
244	lowpass lagged	    -    	0.9	7	    -    	    -    	9	185	False	9	176	0.0486	9119	30867	0.2281
245	lowpass lagged	    -    	0.9	8	    -    	    -    	9	193	False	9	184	0.0466	9078	30906	0.227
246	lowpass lagged	    -    	0.9	9	    -    	    -    	11	182	False	11	171	0.0604	9114	30868	0.228
247	lowpass lagged	    -    	0.9	10	    -    	    -    	5	190	False	5	185	0.0263	9153	30827	0.2289
248	lowpass lagged	    -    	0.9	15	    -    	    -    	10	184	False	10	174	0.0543	9286	30684	0.2323
249	lowpass lagged	    -    	0.9	20	    -    	    -    	5	185	False	5	180	0.027	9186	30774	0.2299
250	lowpass lagged	    -    	0.9	25	    -    	    -    	8	189	False	8	181	0.0423	9043	30907	0.2264
251	lowpass lagged	    -    	0.9	30	    -    	    -    	13	181	False	13	168	0.0718	9115	30825	0.2282
252	lowpass lagged	    -    	0.9	40	    -    	    -    	4	195	False	4	191	0.0205	9083	30837	0.2275
253	lowpass lagged	    -    	0.9	50	    -    	    -    	3	191	False	3	188	0.0157	8991	30909	0.2253
254	lowpass lagged	    -    	0.9	60	    -    	    -    	4	194	False	4	190	0.0206	9001	30879	0.2257
255	lowpass lagged	    -    	0.9	70	    -    	    -    	6	199	False	6	193	0.0302	8989	30871	0.2255
256	lowpass lagged	    -    	0.9	80	    -    	    -    	11	203	False	11	192	0.0542	8973	30867	0.2252
257	lowpass lagged	    -    	0.9	90	    -    	    -    	6	187	False	6	181	0.0321	9093	30727	0.2284
258	lowpass lagged	    -    	0.9	100	    -    	    -    	5	191	False	5	186	0.0262	8963	30837	0.2252
259	lowpass lagged	    -    	0.9	200	    -    	    -    	3	196	False	3	193	0.0153	8920	30680	0.2253
260	lowpass lagged	    -    	0.9	300	    -    	    -    	2	198	False	2	196	0.0101	8708	30692	0.221
261	ewma	    -    	0.1	    -    	    -    	    -    	0	300	True	0	300	0.0	0	40000	0.0
262	ewma	    -    	0.2	    -    	    -    	    -    	0	300	True	0	300	0.0	0	40000	0.0
263	ewma	    -    	0.30000000000000004	    -    	    -    	    -    	0	300	True	0	300	0.0	0	40000	0.0
264	ewma	    -    	0.4	    -    	    -    	    -    	0	300	True	0	300	0.0	0	40000	0.0
265	ewma	    -    	0.5	    -    	    -    	    -    	0	300	True	0	300	0.0	0	40000	0.0
266	ewma	    -    	0.6000000000000001	    -    	    -    	    -    	0	300	True	0	300	0.0	0	40000	0.0
267	ewma	    -    	0.7000000000000001	    -    	    -    	    -    	0	300	True	0	300	0.0	0	40000	0.0
268	ewma	    -    	0.8	    -    	    -    	    -    	0	300	True	0	300	0.0	0	40000	0.0
269	ewma	    -    	0.9	    -    	    -    	    -    	0	300	True	0	300	0.0	0	40000	0.0
270	ewma	    -    	1.0	    -    	    -    	    -    	0	300	True	0	300	0.0	0	40000	0.0
271	bandpassHPLP	    -    	    -    	    -    	0.0	0.1	5	226	False	5	221	0.0221	6269	33731	0.1567
272	bandpassHPLP	    -    	    -    	    -    	0.0	0.2	2	208	False	2	206	0.0096	7306	32694	0.1827
273	bandpassHPLP	    -    	    -    	    -    	0.0	0.30000000000000004	4	205	False	4	201	0.0195	8314	31686	0.2079
274	bandpassHPLP	    -    	    -    	    -    	0.0	0.4	4	196	False	4	192	0.0204	8039	31961	0.201
275	bandpassHPLP	    -    	    -    	    -    	0.0	0.5	2	201	False	2	199	0.01	7642	32358	0.191
276	bandpassHPLP	    -    	    -    	    -    	0.0	0.6000000000000001	2	211	False	2	209	0.0095	7067	32933	0.1767
277	bandpassHPLP	    -    	    -    	    -    	0.0	0.7000000000000001	1	206	False	1	205	0.0049	6378	33622	0.1595
278	bandpassHPLP	    -    	    -    	    -    	0.0	0.8	6	218	False	6	212	0.0275	5648	34352	0.1412
279	bandpassHPLP	    -    	    -    	    -    	0.0	0.9	1	227	False	1	226	0.0044	4817	35183	0.1204
280	bandpassHPLP	    -    	    -    	    -    	0.0	1.0	0	281	True	0	281	0.0	534	39466	0.0134
281	bandpassHPLP	    -    	    -    	    -    	0.1	0.1	6	232	False	6	226	0.0259	6039	33961	0.151
282	bandpassHPLP	    -    	    -    	    -    	0.1	0.2	5	213	False	5	208	0.0235	7009	32991	0.1752
283	bandpassHPLP	    -    	    -    	    -    	0.1	0.30000000000000004	9	201	False	9	192	0.0448	8389	31611	0.2097
284	bandpassHPLP	    -    	    -    	    -    	0.1	0.4	6	192	False	6	186	0.0312	7983	32017	0.1996
285	bandpassHPLP	    -    	    -    	    -    	0.1	0.5	6	187	False	6	181	0.0321	7740	32260	0.1935
286	bandpassHPLP	    -    	    -    	    -    	0.1	0.6000000000000001	3	188	False	3	185	0.016	7312	32688	0.1828
287	bandpassHPLP	    -    	    -    	    -    	0.1	0.7000000000000001	1	188	False	1	187	0.0053	6772	33228	0.1693
288	bandpassHPLP	    -    	    -    	    -    	0.1	0.8	1	196	False	1	195	0.0051	6245	33755	0.1561
289	bandpassHPLP	    -    	    -    	    -    	0.1	0.9	2	206	False	2	204	0.0097	5632	34368	0.1408
290	bandpassHPLP	    -    	    -    	    -    	0.1	1.0	1	227	False	1	226	0.0044	4817	35183	0.1204
291	bandpassHPLP	    -    	    -    	    -    	0.2	0.1	5	229	False	5	224	0.0218	6135	33865	0.1534
292	bandpassHPLP	    -    	    -    	    -    	0.2	0.2	3	219	False	3	216	0.0137	6695	33305	0.1674
293	bandpassHPLP	    -    	    -    	    -    	0.2	0.30000000000000004	14	204	False	14	190	0.0686	8544	31456	0.2136
294	bandpassHPLP	    -    	    -    	    -    	0.2	0.4	8	195	False	8	187	0.041	8320	31680	0.208
295	bandpassHPLP	    -    	    -    	    -    	0.2	0.5	7	189	False	7	182	0.037	7995	32005	0.1999
296	bandpassHPLP	    -    	    -    	    -    	0.2	0.6000000000000001	4	187	False	4	183	0.0214	7670	32330	0.1918
297	bandpassHPLP	    -    	    -    	    -    	0.2	0.7000000000000001	4	199	False	4	195	0.0201	7243	32757	0.1811
298	bandpassHPLP	    -    	    -    	    -    	0.2	0.8	2	188	False	2	186	0.0106	6750	33250	0.1688
299	bandpassHPLP	    -    	    -    	    -    	0.2	0.9	1	196	False	1	195	0.0051	6245	33755	0.1561
300	bandpassHPLP	    -    	    -    	    -    	0.2	1.0	6	218	False	6	212	0.0275	5648	34352	0.1412
301	bandpassHPLP	    -    	    -    	    -    	0.30000000000000004	0.1	3	220	False	3	217	0.0136	6278	33722	0.157
302	bandpassHPLP	    -    	    -    	    -    	0.30000000000000004	0.2	3	221	False	3	218	0.0136	6732	33268	0.1683
303	bandpassHPLP	    -    	    -    	    -    	0.30000000000000004	0.30000000000000004	11	203	False	11	192	0.0542	8353	31647	0.2088
304	bandpassHPLP	    -    	    -    	    -    	0.30000000000000004	0.4	10	194	False	10	184	0.0515	8506	31494	0.2127
305	bandpassHPLP	    -    	    -    	    -    	0.30000000000000004	0.5	8	201	False	8	193	0.0398	8330	31670	0.2082
306	bandpassHPLP	    -    	    -    	    -    	0.30000000000000004	0.6000000000000001	7	190	False	7	183	0.0368	8049	31951	0.2012
307	bandpassHPLP	    -    	    -    	    -    	0.30000000000000004	0.7000000000000001	5	189	False	5	184	0.0265	7658	32342	0.1915
308	bandpassHPLP	    -    	    -    	    -    	0.30000000000000004	0.8	4	199	False	4	195	0.0201	7243	32757	0.1811
309	bandpassHPLP	    -    	    -    	    -    	0.30000000000000004	0.9	1	188	False	1	187	0.0053	6772	33228	0.1693
310	bandpassHPLP	    -    	    -    	    -    	0.30000000000000004	1.0	1	206	False	1	205	0.0049	6378	33622	0.1595
311	bandpassHPLP	    -    	    -    	    -    	0.4	0.1	3	223	False	3	220	0.0135	6547	33453	0.1637
312	bandpassHPLP	    -    	    -    	    -    	0.4	0.2	3	224	False	3	221	0.0134	6512	33488	0.1628
313	bandpassHPLP	    -    	    -    	    -    	0.4	0.30000000000000004	3	203	False	3	200	0.0148	7903	32097	0.1976
314	bandpassHPLP	    -    	    -    	    -    	0.4	0.4	13	208	False	13	195	0.0625	8679	31321	0.217
315	bandpassHPLP	    -    	    -    	    -    	0.4	0.5	8	199	False	8	191	0.0402	8397	31603	0.2099
316	bandpassHPLP	    -    	    -    	    -    	0.4	0.6000000000000001	7	202	False	7	195	0.0347	8313	31687	0.2078
317	bandpassHPLP	    -    	    -    	    -    	0.4	0.7000000000000001	7	190	False	7	183	0.0368	8049	31951	0.2012
318	bandpassHPLP	    -    	    -    	    -    	0.4	0.8	4	187	False	4	183	0.0214	7670	32330	0.1918
319	bandpassHPLP	    -    	    -    	    -    	0.4	0.9	3	188	False	3	185	0.016	7312	32688	0.1828
320	bandpassHPLP	    -    	    -    	    -    	0.4	1.0	2	211	False	2	209	0.0095	7067	32933	0.1767
321	bandpassHPLP	    -    	    -    	    -    	0.5	0.1	1	217	False	1	216	0.0046	6921	33079	0.173
322	bandpassHPLP	    -    	    -    	    -    	0.5	0.2	3	225	False	3	222	0.0133	6528	33472	0.1632
323	bandpassHPLP	    -    	    -    	    -    	0.5	0.30000000000000004	3	212	False	3	209	0.0142	7281	32719	0.182
324	bandpassHPLP	    -    	    -    	    -    	0.5	0.4	5	201	False	5	196	0.0249	8572	31428	0.2143
325	bandpassHPLP	    -    	    -    	    -    	0.5	0.5	11	205	False	11	194	0.0537	8691	31309	0.2173
326	bandpassHPLP	    -    	    -    	    -    	0.5	0.6000000000000001	8	199	False	8	191	0.0402	8397	31603	0.2099
327	bandpassHPLP	    -    	    -    	    -    	0.5	0.7000000000000001	8	201	False	8	193	0.0398	8330	31670	0.2082
328	bandpassHPLP	    -    	    -    	    -    	0.5	0.8	7	189	False	7	182	0.037	7995	32005	0.1999
329	bandpassHPLP	    -    	    -    	    -    	0.5	0.9	6	187	False	6	181	0.0321	7740	32260	0.1935
330	bandpassHPLP	    -    	    -    	    -    	0.5	1.0	2	201	False	2	199	0.01	7644	32356	0.1911
331	bandpassHPLP	    -    	    -    	    -    	0.6000000000000001	0.1	2	220	False	2	218	0.0091	7048	32952	0.1762
332	bandpassHPLP	    -    	    -    	    -    	0.6000000000000001	0.2	2	228	False	2	226	0.0088	6652	33348	0.1663
333	bandpassHPLP	    -    	    -    	    -    	0.6000000000000001	0.30000000000000004	4	227	False	4	223	0.0176	6833	33167	0.1708
334	bandpassHPLP	    -    	    -    	    -    	0.6000000000000001	0.4	3	207	False	3	204	0.0145	7609	32391	0.1902
335	bandpassHPLP	    -    	    -    	    -    	0.6000000000000001	0.5	5	201	False	5	196	0.0249	8572	31428	0.2143
336	bandpassHPLP	    -    	    -    	    -    	0.6000000000000001	0.6000000000000001	13	208	False	13	195	0.0625	8679	31321	0.217
337	bandpassHPLP	    -    	    -    	    -    	0.6000000000000001	0.7000000000000001	10	194	False	10	184	0.0515	8506	31494	0.2127
338	bandpassHPLP	    -    	    -    	    -    	0.6000000000000001	0.8	8	195	False	8	187	0.041	8320	31680	0.208
339	bandpassHPLP	    -    	    -    	    -    	0.6000000000000001	0.9	6	192	False	6	186	0.0312	7983	32017	0.1996
340	bandpassHPLP	    -    	    -    	    -    	0.6000000000000001	1.0	4	196	False	4	192	0.0204	8039	31961	0.201
341	bandpassHPLP	    -    	    -    	    -    	0.7000000000000001	0.1	2	206	False	2	204	0.0097	6978	33022	0.1744
342	bandpassHPLP	    -    	    -    	    -    	0.7000000000000001	0.2	1	218	False	1	217	0.0046	7028	32972	0.1757
343	bandpassHPLP	    -    	    -    	    -    	0.7000000000000001	0.30000000000000004	2	224	False	2	222	0.0089	6700	33300	0.1675
344	bandpassHPLP	    -    	    -    	    -    	0.7000000000000001	0.4	4	227	False	4	223	0.0176	6833	33167	0.1708
345	bandpassHPLP	    -    	    -    	    -    	0.7000000000000001	0.5	3	212	False	3	209	0.0142	7281	32719	0.182
346	bandpassHPLP	    -    	    -    	    -    	0.7000000000000001	0.6000000000000001	3	203	False	3	200	0.0148	7903	32097	0.1976
347	bandpassHPLP	    -    	    -    	    -    	0.7000000000000001	0.7000000000000001	11	203	False	11	192	0.0542	8353	31647	0.2088
348	bandpassHPLP	    -    	    -    	    -    	0.7000000000000001	0.8	14	204	False	14	190	0.0686	8544	31456	0.2136
349	bandpassHPLP	    -    	    -    	    -    	0.7000000000000001	0.9	9	201	False	9	192	0.0448	8389	31611	0.2097
350	bandpassHPLP	    -    	    -    	    -    	0.7000000000000001	1.0	4	205	False	4	201	0.0195	8312	31688	0.2078
351	bandpassHPLP	    -    	    -    	    -    	0.8	0.1	2	201	False	2	199	0.01	6801	33199	0.17
352	bandpassHPLP	    -    	    -    	    -    	0.8	0.2	2	213	False	2	211	0.0094	7041	32959	0.176
353	bandpassHPLP	    -    	    -    	    -    	0.8	0.30000000000000004	1	218	False	1	217	0.0046	7028	32972	0.1757
354	bandpassHPLP	    -    	    -    	    -    	0.8	0.4	2	228	False	2	226	0.0088	6652	33348	0.1663
355	bandpassHPLP	    -    	    -    	    -    	0.8	0.5	3	225	False	3	222	0.0133	6528	33472	0.1632
356	bandpassHPLP	    -    	    -    	    -    	0.8	0.6000000000000001	3	224	False	3	221	0.0134	6512	33488	0.1628
357	bandpassHPLP	    -    	    -    	    -    	0.8	0.7000000000000001	3	221	False	3	218	0.0136	6732	33268	0.1683
358	bandpassHPLP	    -    	    -    	    -    	0.8	0.8	3	219	False	3	216	0.0137	6695	33305	0.1674
359	bandpassHPLP	    -    	    -    	    -    	0.8	0.9	5	213	False	5	208	0.0235	7009	32991	0.1752
360	bandpassHPLP	    -    	    -    	    -    	0.8	1.0	2	211	False	2	209	0.0095	7288	32712	0.1822
361	bandpassHPLP	    -    	    -    	    -    	0.9	0.1	3	203	False	3	200	0.0148	6722	33278	0.1681
362	bandpassHPLP	    -    	    -    	    -    	0.9	0.2	2	201	False	2	199	0.01	6801	33199	0.17
363	bandpassHPLP	    -    	    -    	    -    	0.9	0.30000000000000004	2	206	False	2	204	0.0097	6978	33022	0.1744
364	bandpassHPLP	    -    	    -    	    -    	0.9	0.4	2	220	False	2	218	0.0091	7048	32952	0.1762
365	bandpassHPLP	    -    	    -    	    -    	0.9	0.5	1	217	False	1	216	0.0046	6921	33079	0.173
366	bandpassHPLP	    -    	    -    	    -    	0.9	0.6000000000000001	3	223	False	3	220	0.0135	6547	33453	0.1637
367	bandpassHPLP	    -    	    -    	    -    	0.9	0.7000000000000001	3	220	False	3	217	0.0136	6278	33722	0.157
368	bandpassHPLP	    -    	    -    	    -    	0.9	0.8	5	229	False	5	224	0.0218	6135	33865	0.1534
369	bandpassHPLP	    -    	    -    	    -    	0.9	0.9	6	232	False	6	226	0.0259	6039	33961	0.151
370	bandpassHPLP	    -    	    -    	    -    	0.9	1.0	5	226	False	5	221	0.0221	6265	33735	0.1566
371	bandpassLPHP	    -    	    -    	    -    	0.0	0.1	5	226	False	5	221	0.0221	6269	33731	0.1567
372	bandpassLPHP	    -    	    -    	    -    	0.0	0.2	2	208	False	2	206	0.0096	7306	32694	0.1827
373	bandpassLPHP	    -    	    -    	    -    	0.0	0.30000000000000004	4	205	False	4	201	0.0195	8314	31686	0.2079
374	bandpassLPHP	    -    	    -    	    -    	0.0	0.4	4	196	False	4	192	0.0204	8039	31961	0.201
375	bandpassLPHP	    -    	    -    	    -    	0.0	0.5	2	201	False	2	199	0.01	7642	32358	0.191
376	bandpassLPHP	    -    	    -    	    -    	0.0	0.6000000000000001	2	211	False	2	209	0.0095	7067	32933	0.1767
377	bandpassLPHP	    -    	    -    	    -    	0.0	0.7000000000000001	1	206	False	1	205	0.0049	6378	33622	0.1595
378	bandpassLPHP	    -    	    -    	    -    	0.0	0.8	6	218	False	6	212	0.0275	5648	34352	0.1412
379	bandpassLPHP	    -    	    -    	    -    	0.0	0.9	1	227	False	1	226	0.0044	4817	35183	0.1204
380	bandpassLPHP	    -    	    -    	    -    	0.0	1.0	0	281	True	0	281	0.0	534	39466	0.0134
381	bandpassLPHP	    -    	    -    	    -    	0.1	0.1	6	232	False	6	226	0.0259	6039	33961	0.151
382	bandpassLPHP	    -    	    -    	    -    	0.1	0.2	5	213	False	5	208	0.0235	7009	32991	0.1752
383	bandpassLPHP	    -    	    -    	    -    	0.1	0.30000000000000004	9	201	False	9	192	0.0448	8389	31611	0.2097
384	bandpassLPHP	    -    	    -    	    -    	0.1	0.4	6	192	False	6	186	0.0312	7983	32017	0.1996
385	bandpassLPHP	    -    	    -    	    -    	0.1	0.5	6	187	False	6	181	0.0321	7740	32260	0.1935
386	bandpassLPHP	    -    	    -    	    -    	0.1	0.6000000000000001	3	188	False	3	185	0.016	7312	32688	0.1828
387	bandpassLPHP	    -    	    -    	    -    	0.1	0.7000000000000001	1	188	False	1	187	0.0053	6772	33228	0.1693
388	bandpassLPHP	    -    	    -    	    -    	0.1	0.8	1	196	False	1	195	0.0051	6245	33755	0.1561
389	bandpassLPHP	    -    	    -    	    -    	0.1	0.9	2	206	False	2	204	0.0097	5632	34368	0.1408
390	bandpassLPHP	    -    	    -    	    -    	0.1	1.0	1	227	False	1	226	0.0044	4817	35183	0.1204
391	bandpassLPHP	    -    	    -    	    -    	0.2	0.1	5	229	False	5	224	0.0218	6135	33865	0.1534
392	bandpassLPHP	    -    	    -    	    -    	0.2	0.2	3	219	False	3	216	0.0137	6695	33305	0.1674
393	bandpassLPHP	    -    	    -    	    -    	0.2	0.30000000000000004	14	204	False	14	190	0.0686	8544	31456	0.2136
394	bandpassLPHP	    -    	    -    	    -    	0.2	0.4	8	195	False	8	187	0.041	8320	31680	0.208
395	bandpassLPHP	    -    	    -    	    -    	0.2	0.5	7	189	False	7	182	0.037	7995	32005	0.1999
396	bandpassLPHP	    -    	    -    	    -    	0.2	0.6000000000000001	4	187	False	4	183	0.0214	7670	32330	0.1918
397	bandpassLPHP	    -    	    -    	    -    	0.2	0.7000000000000001	4	199	False	4	195	0.0201	7243	32757	0.1811
398	bandpassLPHP	    -    	    -    	    -    	0.2	0.8	2	188	False	2	186	0.0106	6750	33250	0.1688
399	bandpassLPHP	    -    	    -    	    -    	0.2	0.9	1	196	False	1	195	0.0051	6245	33755	0.1561
400	bandpassLPHP	    -    	    -    	    -    	0.2	1.0	6	218	False	6	212	0.0275	5648	34352	0.1412
401	bandpassLPHP	    -    	    -    	    -    	0.30000000000000004	0.1	3	220	False	3	217	0.0136	6278	33722	0.157
402	bandpassLPHP	    -    	    -    	    -    	0.30000000000000004	0.2	3	221	False	3	218	0.0136	6732	33268	0.1683
403	bandpassLPHP	    -    	    -    	    -    	0.30000000000000004	0.30000000000000004	11	203	False	11	192	0.0542	8353	31647	0.2088
404	bandpassLPHP	    -    	    -    	    -    	0.30000000000000004	0.4	10	194	False	10	184	0.0515	8506	31494	0.2127
405	bandpassLPHP	    -    	    -    	    -    	0.30000000000000004	0.5	8	201	False	8	193	0.0398	8330	31670	0.2082
406	bandpassLPHP	    -    	    -    	    -    	0.30000000000000004	0.6000000000000001	7	190	False	7	183	0.0368	8049	31951	0.2012
407	bandpassLPHP	    -    	    -    	    -    	0.30000000000000004	0.7000000000000001	5	189	False	5	184	0.0265	7658	32342	0.1915
408	bandpassLPHP	    -    	    -    	    -    	0.30000000000000004	0.8	4	199	False	4	195	0.0201	7243	32757	0.1811
409	bandpassLPHP	    -    	    -    	    -    	0.30000000000000004	0.9	1	188	False	1	187	0.0053	6772	33228	0.1693
410	bandpassLPHP	    -    	    -    	    -    	0.30000000000000004	1.0	1	206	False	1	205	0.0049	6378	33622	0.1595
411	bandpassLPHP	    -    	    -    	    -    	0.4	0.1	3	223	False	3	220	0.0135	6547	33453	0.1637
412	bandpassLPHP	    -    	    -    	    -    	0.4	0.2	3	224	False	3	221	0.0134	6512	33488	0.1628
413	bandpassLPHP	    -    	    -    	    -    	0.4	0.30000000000000004	3	203	False	3	200	0.0148	7903	32097	0.1976
414	bandpassLPHP	    -    	    -    	    -    	0.4	0.4	13	208	False	13	195	0.0625	8679	31321	0.217
415	bandpassLPHP	    -    	    -    	    -    	0.4	0.5	8	199	False	8	191	0.0402	8397	31603	0.2099
416	bandpassLPHP	    -    	    -    	    -    	0.4	0.6000000000000001	7	202	False	7	195	0.0347	8313	31687	0.2078
417	bandpassLPHP	    -    	    -    	    -    	0.4	0.7000000000000001	7	190	False	7	183	0.0368	8049	31951	0.2012
418	bandpassLPHP	    -    	    -    	    -    	0.4	0.8	4	187	False	4	183	0.0214	7670	32330	0.1918
419	bandpassLPHP	    -    	    -    	    -    	0.4	0.9	3	188	False	3	185	0.016	7312	32688	0.1828
420	bandpassLPHP	    -    	    -    	    -    	0.4	1.0	2	211	False	2	209	0.0095	7067	32933	0.1767
421	bandpassLPHP	    -    	    -    	    -    	0.5	0.1	1	217	False	1	216	0.0046	6921	33079	0.173
422	bandpassLPHP	    -    	    -    	    -    	0.5	0.2	3	225	False	3	222	0.0133	6528	33472	0.1632
423	bandpassLPHP	    -    	    -    	    -    	0.5	0.30000000000000004	3	212	False	3	209	0.0142	7281	32719	0.182
424	bandpassLPHP	    -    	    -    	    -    	0.5	0.4	5	201	False	5	196	0.0249	8572	31428	0.2143
425	bandpassLPHP	    -    	    -    	    -    	0.5	0.5	11	205	False	11	194	0.0537	8691	31309	0.2173
426	bandpassLPHP	    -    	    -    	    -    	0.5	0.6000000000000001	8	199	False	8	191	0.0402	8397	31603	0.2099
427	bandpassLPHP	    -    	    -    	    -    	0.5	0.7000000000000001	8	201	False	8	193	0.0398	8330	31670	0.2082
428	bandpassLPHP	    -    	    -    	    -    	0.5	0.8	7	189	False	7	182	0.037	7995	32005	0.1999
429	bandpassLPHP	    -    	    -    	    -    	0.5	0.9	6	187	False	6	181	0.0321	7740	32260	0.1935
430	bandpassLPHP	    -    	    -    	    -    	0.5	1.0	2	201	False	2	199	0.01	7644	32356	0.1911
431	bandpassLPHP	    -    	    -    	    -    	0.6000000000000001	0.1	2	220	False	2	218	0.0091	7048	32952	0.1762
432	bandpassLPHP	    -    	    -    	    -    	0.6000000000000001	0.2	2	228	False	2	226	0.0088	6652	33348	0.1663
433	bandpassLPHP	    -    	    -    	    -    	0.6000000000000001	0.30000000000000004	4	227	False	4	223	0.0176	6833	33167	0.1708
434	bandpassLPHP	    -    	    -    	    -    	0.6000000000000001	0.4	3	207	False	3	204	0.0145	7609	32391	0.1902
435	bandpassLPHP	    -    	    -    	    -    	0.6000000000000001	0.5	5	201	False	5	196	0.0249	8572	31428	0.2143
436	bandpassLPHP	    -    	    -    	    -    	0.6000000000000001	0.6000000000000001	13	208	False	13	195	0.0625	8679	31321	0.217
437	bandpassLPHP	    -    	    -    	    -    	0.6000000000000001	0.7000000000000001	10	194	False	10	184	0.0515	8506	31494	0.2127
438	bandpassLPHP	    -    	    -    	    -    	0.6000000000000001	0.8	8	195	False	8	187	0.041	8320	31680	0.208
439	bandpassLPHP	    -    	    -    	    -    	0.6000000000000001	0.9	6	192	False	6	186	0.0312	7983	32017	0.1996
440	bandpassLPHP	    -    	    -    	    -    	0.6000000000000001	1.0	4	196	False	4	192	0.0204	8039	31961	0.201
441	bandpassLPHP	    -    	    -    	    -    	0.7000000000000001	0.1	2	206	False	2	204	0.0097	6978	33022	0.1744
442	bandpassLPHP	    -    	    -    	    -    	0.7000000000000001	0.2	1	218	False	1	217	0.0046	7028	32972	0.1757
443	bandpassLPHP	    -    	    -    	    -    	0.7000000000000001	0.30000000000000004	2	224	False	2	222	0.0089	6700	33300	0.1675
444	bandpassLPHP	    -    	    -    	    -    	0.7000000000000001	0.4	4	227	False	4	223	0.0176	6833	33167	0.1708
445	bandpassLPHP	    -    	    -    	    -    	0.7000000000000001	0.5	3	212	False	3	209	0.0142	7281	32719	0.182
446	bandpassLPHP	    -    	    -    	    -    	0.7000000000000001	0.6000000000000001	3	203	False	3	200	0.0148	7903	32097	0.1976
447	bandpassLPHP	    -    	    -    	    -    	0.7000000000000001	0.7000000000000001	11	203	False	11	192	0.0542	8353	31647	0.2088
448	bandpassLPHP	    -    	    -    	    -    	0.7000000000000001	0.8	14	204	False	14	190	0.0686	8544	31456	0.2136
449	bandpassLPHP	    -    	    -    	    -    	0.7000000000000001	0.9	9	201	False	9	192	0.0448	8389	31611	0.2097
450	bandpassLPHP	    -    	    -    	    -    	0.7000000000000001	1.0	4	205	False	4	201	0.0195	8312	31688	0.2078
451	bandpassLPHP	    -    	    -    	    -    	0.8	0.1	2	201	False	2	199	0.01	6801	33199	0.17
452	bandpassLPHP	    -    	    -    	    -    	0.8	0.2	2	213	False	2	211	0.0094	7041	32959	0.176
453	bandpassLPHP	    -    	    -    	    -    	0.8	0.30000000000000004	1	218	False	1	217	0.0046	7028	32972	0.1757
454	bandpassLPHP	    -    	    -    	    -    	0.8	0.4	2	228	False	2	226	0.0088	6652	33348	0.1663
455	bandpassLPHP	    -    	    -    	    -    	0.8	0.5	3	225	False	3	222	0.0133	6528	33472	0.1632
456	bandpassLPHP	    -    	    -    	    -    	0.8	0.6000000000000001	3	224	False	3	221	0.0134	6512	33488	0.1628
457	bandpassLPHP	    -    	    -    	    -    	0.8	0.7000000000000001	3	221	False	3	218	0.0136	6732	33268	0.1683
458	bandpassLPHP	    -    	    -    	    -    	0.8	0.8	3	219	False	3	216	0.0137	6695	33305	0.1674
459	bandpassLPHP	    -    	    -    	    -    	0.8	0.9	5	213	False	5	208	0.0235	7009	32991	0.1752
460	bandpassLPHP	    -    	    -    	    -    	0.8	1.0	2	211	False	2	209	0.0095	7288	32712	0.1822
461	bandpassLPHP	    -    	    -    	    -    	0.9	0.1	3	203	False	3	200	0.0148	6722	33278	0.1681
462	bandpassLPHP	    -    	    -    	    -    	0.9	0.2	2	201	False	2	199	0.01	6801	33199	0.17
463	bandpassLPHP	    -    	    -    	    -    	0.9	0.30000000000000004	2	206	False	2	204	0.0097	6978	33022	0.1744
464	bandpassLPHP	    -    	    -    	    -    	0.9	0.4	2	220	False	2	218	0.0091	7048	32952	0.1762
465	bandpassLPHP	    -    	    -    	    -    	0.9	0.5	1	217	False	1	216	0.0046	6921	33079	0.173
466	bandpassLPHP	    -    	    -    	    -    	0.9	0.6000000000000001	3	223	False	3	220	0.0135	6547	33453	0.1637
467	bandpassLPHP	    -    	    -    	    -    	0.9	0.7000000000000001	3	220	False	3	217	0.0136	6278	33722	0.157
468	bandpassLPHP	    -    	    -    	    -    	0.9	0.8	5	229	False	5	224	0.0218	6135	33865	0.1534
469	bandpassLPHP	    -    	    -    	    -    	0.9	0.9	6	232	False	6	226	0.0259	6039	33961	0.151
470	bandpassLPHP	    -    	    -    	    -    	0.9	1.0	5	226	False	5	221	0.0221	6265	33735	0.1566
